letter,frequency
A,0.08167
B,0.01492
C,0.0278
D,0.04253
E,0.08506
F,0.04253
G,0.08506
H,0.17012
I,0.0234
J,0.0278
K,0.04253
L,0.08506
M,0.11286
N,0.08167
O,0.08167
P,0.04253
Q,0.08506
R,0.16673
S,0.01492
T,0.04253
U,0.08506
V,0.09998
W,0.01492
Y,0.08167
Z,0.03422
